epoch,time,train/box_loss,train/pose_loss,train/kobj_loss,train/cls_loss,train/dfl_loss,metrics/precision(B),metrics/recall(B),metrics/mAP50(B),metrics/mAP50-95(B),metrics/precision(P),metrics/recall(P),metrics/mAP50(P),metrics/mAP50-95(P),val/box_loss,val/pose_loss,val/kobj_loss,val/cls_loss,val/dfl_loss,lr/pg0,lr/pg1,lr/pg2
1,129.288,0.63525,3.8301,0.21018,0.76859,1.14638,0.11442,0.12329,0.06371,0.02039,0.07256,0.08219,0.0254,0.00927,nan,nan,nan,nan,nan,0.00066,0.00066,0.00066
2,259.414,0.48036,1.66719,0.04017,0.34608,0.92777,0.32972,0.30661,0.24223,0.09775,0.24406,0.24658,0.12813,0.05629,2.63859,5.45649,0.09277,2.46396,2.93912,0.0013004,0.0013004,0.0013004
3,389.503,0.49465,1.31638,0.01518,0.34708,0.92928,0.57498,0.64041,0.66164,0.36481,0.35712,0.40753,0.28414,0.1477,1.46516,5.20949,0.01169,2.31652,2.20623,0.0019144,0.0019144,0.0019144
4,513.266,0.45344,0.98013,0.0084,0.31188,0.89718,0.86957,0.37671,0.46579,0.35846,0.63917,0.2774,0.30983,0.22637,1.73562,5.00423,0.05479,1.73218,3.41654,0.0018812,0.0018812,0.0018812
5,642.465,0.37165,0.67136,0.00559,0.27142,0.85533,0.84118,0.7437,0.87078,0.659,0.65467,0.50641,0.47213,0.37638,0.90767,3.7886,0.00524,0.76301,1.42622,0.0018416,0.0018416,0.0018416
6,770.256,0.37018,0.49105,0.004,0.26522,0.85004,0.79084,0.85464,0.90475,0.72604,0.74881,0.80652,0.81578,0.69711,0.65777,1.41345,0.00503,0.77446,1.17892,0.001802,0.001802,0.001802
7,900.025,0.32384,0.46018,0.00329,0.24595,0.82958,0.97883,0.95002,0.98613,0.9106,0.93579,0.90753,0.93626,0.90602,0.40331,0.58063,0.00279,0.34438,0.92632,0.0017624,0.0017624,0.0017624
8,1028.56,0.30583,0.55657,0.00288,0.2262,0.81711,0.93235,0.89673,0.96877,0.85895,0.85917,0.84932,0.85472,0.81546,0.52843,1.33239,0.0051,0.48378,1.03879,0.0017228,0.0017228,0.0017228
9,1158.49,0.29854,0.42081,0.00246,0.22318,0.82141,0.96859,0.84496,0.94009,0.80334,0.93292,0.80966,0.88277,0.8276,0.58311,0.97016,0.0062,0.52382,1.08014,0.0016832,0.0016832,0.0016832
10,1285.15,0.27279,0.36957,0.00206,0.21514,0.80928,0.69073,0.32534,0.4261,0.33062,0.68294,0.31849,0.39162,0.32727,1.7159,4.7294,0.04803,1.72135,2.75517,0.0016436,0.0016436,0.0016436
11,1415.25,0.28762,0.27544,0.00191,0.20758,0.81308,0.92881,0.81507,0.9112,0.81468,0.92166,0.81164,0.90583,0.85193,0.50401,0.79079,0.00365,0.52112,1.1139,0.001604,0.001604,0.001604
12,1543.9,0.24062,0.19697,0.0017,0.18852,0.79636,0.9288,0.84883,0.9524,0.84074,0.91402,0.8009,0.91922,0.85381,0.51922,0.92375,0.00155,0.44879,1.13934,0.0015644,0.0015644,0.0015644
13,1671.29,0.21076,0.20951,0.0015,0.17503,0.78934,0.98276,0.97627,0.99268,0.96878,0.97126,0.9589,0.97843,0.96747,0.27587,0.2967,0.00279,0.25397,0.86254,0.0015248,0.0015248,0.0015248
14,1804.08,0.21091,0.19503,0.00147,0.17626,0.786,0.97221,0.83854,0.94435,0.84414,0.90576,0.85584,0.93415,0.89302,0.50046,0.61256,0.00524,0.45849,1.04007,0.0014852,0.0014852,0.0014852
15,1933.14,0.20634,0.15969,0.00133,0.1699,0.78257,0.93964,0.63972,0.79083,0.70475,0.92959,0.63299,0.79956,0.75911,0.78732,1.66281,0.03436,1.11062,1.3753,0.0014456,0.0014456,0.0014456
16,2060.7,0.18588,0.1215,0.00112,0.16012,0.77721,0.96849,0.92808,0.97983,0.93651,0.93213,0.89384,0.9214,0.8971,0.32157,0.51225,0.00176,0.29791,0.9125,0.001406,0.001406,0.001406
17,2187.16,0.19579,0.07972,0.00105,0.15473,0.78179,0.99884,0.99315,0.995,0.98766,0.99539,0.98973,0.99197,0.98985,0.23175,0.08488,0.00082,0.19375,0.82794,0.0013664,0.0013664,0.0013664
18,2316.84,0.18289,0.08174,0.00096,0.14867,0.77651,0.99637,0.9863,0.99317,0.98008,0.97214,0.96233,0.96809,0.9544,0.23779,0.31566,0.00099,0.19445,0.8355,0.0013268,0.0013268,0.0013268
19,2444.98,0.196,0.08863,0.00087,0.15153,0.77783,0.89743,0.47945,0.69533,0.57906,0.75142,0.40068,0.52821,0.46219,0.90671,3.39803,0.00912,0.99031,1.69555,0.0012872,0.0012872,0.0012872
20,2575.94,0.16642,0.08375,0.00081,0.14374,0.77213,0.99471,0.99658,0.995,0.99167,0.99471,0.99658,0.995,0.99485,0.17403,0.05843,0.00071,0.15772,0.81153,0.0012476,0.0012476,0.0012476
21,2704.18,0.16016,0.05145,0.00084,0.1358,0.76908,0.9932,0.99967,0.9949,0.98696,0.98604,0.96758,0.98292,0.97818,0.18987,0.17068,0.00071,0.161,0.81806,0.001208,0.001208,0.001208
22,2834.46,0.14483,0.05019,0.00074,0.12822,0.763,0.97956,0.93836,0.98363,0.96098,0.97599,0.93493,0.98068,0.96711,0.22176,0.24878,0.00238,0.23731,0.85409,0.0011684,0.0011684,0.0011684
23,2964.23,0.13755,0.04088,0.00064,0.12316,0.76604,0.9892,0.81507,0.9154,0.87318,0.98089,0.80822,0.90869,0.8855,0.42974,0.99452,0.02101,0.66935,1.09101,0.0011288,0.0011288,0.0011288
24,3089.43,0.13988,0.03193,0.00056,0.12737,0.7686,0.99981,1,0.995,0.995,0.99981,1,0.995,0.99432,0.14755,0.03966,0.00054,0.13527,0.80084,0.0010892,0.0010892,0.0010892
25,3219.4,0.13234,0.04585,0.00057,0.12231,0.76762,0.99991,1,0.995,0.99373,0.99991,1,0.995,0.99394,0.1351,0.03556,0.00043,0.13013,0.79957,0.0010496,0.0010496,0.0010496
26,3347.91,0.13042,0.04948,0.00047,0.11769,0.76344,0.93612,0.70205,0.84507,0.78131,0.91329,0.68493,0.82411,0.79978,0.63532,1.40943,0.02908,1.03523,1.25348,0.00101,0.00101,0.00101
27,3481.99,0.11947,0.04842,0.00047,0.11054,0.76361,0.99291,0.99658,0.99339,0.99228,0.98609,0.98973,0.98982,0.9873,0.14088,0.08667,0.00043,0.13172,0.80413,0.0009704,0.0009704,0.0009704
28,3615.85,0.12026,0.03483,0.00045,0.10908,0.76216,1,0.99995,0.995,0.99475,1,0.99995,0.995,0.995,0.12931,0.02879,0.00037,0.11587,0.79572,0.0009308,0.0009308,0.0009308
29,3754.68,0.12569,0.04442,0.00044,0.11141,0.76423,0.97355,0.88235,0.95741,0.91149,0.98489,0.89282,0.96496,0.94343,0.31992,0.41754,0.00496,0.36009,0.98638,0.0008912,0.0008912,0.0008912
30,3883.37,0.11746,0.03125,0.00038,0.10577,0.76215,0.99561,0.9863,0.99479,0.98231,0.9793,0.97196,0.98039,0.97111,0.19214,0.17891,0.00061,0.16695,0.83169,0.0008516,0.0008516,0.0008516
31,4013.63,0.11242,0.02359,0.00036,0.10174,0.76289,0.97503,0.80236,0.91491,0.8757,0.89085,0.86644,0.91736,0.8935,0.37952,0.58794,0.01263,0.61817,1.02804,0.000812,0.000812,0.000812
32,4142.77,0.11858,0.02676,0.00036,0.10384,0.76335,0.99977,1,0.995,0.995,0.99977,1,0.995,0.995,0.10479,0.01797,0.00029,0.09881,0.79028,0.0007724,0.0007724,0.0007724
33,4278.54,0.105,0.0246,0.00037,0.09796,0.76222,0.99613,0.99315,0.99479,0.98983,0.96184,0.96233,0.95786,0.94853,0.14663,0.27996,0.00042,0.13432,0.80613,0.0007328,0.0007328,0.0007328
34,4405.47,0.10054,0.02666,0.00035,0.09562,0.75625,0.99982,1,0.995,0.99497,0.99982,1,0.995,0.995,0.09871,0.01915,0.0003,0.09502,0.79057,0.0006932,0.0006932,0.0006932
35,4533.84,0.10389,0.04412,0.00033,0.09865,0.75912,0.99228,0.88046,0.967,0.92749,0.97681,0.86571,0.95261,0.93418,0.26869,0.4933,0.0056,0.35105,0.91034,0.0006536,0.0006536,0.0006536
36,4665.3,0.09993,0.03472,0.00032,0.09384,0.76285,0.99982,1,0.995,0.995,0.99982,1,0.995,0.995,0.09791,0.01625,0.00025,0.09717,0.78965,0.000614,0.000614,0.000614
37,4792.83,0.09447,0.02327,0.0003,0.0909,0.76084,0.99975,1,0.995,0.99492,0.99975,1,0.995,0.995,0.09465,0.02042,0.00024,0.09177,0.78914,0.0005744,0.0005744,0.0005744
38,4917.99,0.09178,0.02261,0.00027,0.08843,0.75877,0.99979,1,0.995,0.995,0.99636,0.99658,0.99421,0.99421,0.08661,0.02737,0.00022,0.08674,0.78857,0.0005348,0.0005348,0.0005348
39,5046.15,0.09083,0.01662,0.00026,0.08741,0.75525,0.9998,1,0.995,0.995,0.9998,1,0.995,0.995,0.08098,0.0107,0.00022,0.08326,0.78682,0.0004952,0.0004952,0.0004952
40,5175.64,0.08403,0.01741,0.00027,0.08243,0.7569,0.99981,1,0.995,0.995,0.99981,1,0.995,0.995,0.07382,0.00969,0.00022,0.07815,0.78619,0.0004556,0.0004556,0.0004556
41,5301.68,0.08054,0.02182,0.00026,0.07951,0.75446,0.99976,1,0.995,0.995,0.99976,1,0.995,0.995,0.077,0.0135,0.00022,0.07712,0.78682,0.000416,0.000416,0.000416
42,5431.07,0.07646,0.01818,0.00025,0.0773,0.75574,0.99973,1,0.995,0.995,0.99973,1,0.995,0.99339,0.07559,0.0228,0.0002,0.07747,0.78617,0.0003764,0.0003764,0.0003764
43,5560.2,0.07507,0.0146,0.00022,0.07562,0.75366,0.99982,1,0.995,0.995,0.99982,1,0.995,0.995,0.07239,0.01091,0.00019,0.07358,0.78621,0.0003368,0.0003368,0.0003368
44,5688.42,0.07077,0.01208,0.00022,0.07296,0.7535,0.99982,1,0.995,0.995,0.99982,1,0.995,0.995,0.06504,0.00915,0.00018,0.06811,0.78515,0.0002972,0.0002972,0.0002972
45,5818.2,0.06886,0.01346,0.00023,0.07035,0.75686,0.99982,1,0.995,0.995,0.99982,1,0.995,0.995,0.06558,0.00955,0.00019,0.06989,0.78494,0.0002576,0.0002576,0.0002576
46,5945.38,0.06502,0.01172,0.00023,0.06717,0.75481,0.99982,1,0.995,0.995,0.99982,1,0.995,0.995,0.06134,0.00913,0.00019,0.06708,0.7846,0.000218,0.000218,0.000218
47,6069.71,0.06313,0.01525,0.00022,0.06607,0.75305,0.99982,1,0.995,0.995,0.99982,1,0.995,0.995,0.059,0.00735,0.00018,0.06432,0.78472,0.0001784,0.0001784,0.0001784
48,6196.14,0.05864,0.00931,0.00022,0.06229,0.75186,0.99982,1,0.995,0.995,0.99982,1,0.995,0.995,0.05705,0.00644,0.00018,0.0628,0.78431,0.0001388,0.0001388,0.0001388
49,6321.95,0.05729,0.00939,0.00022,0.06086,0.75632,0.99982,1,0.995,0.995,0.99982,1,0.995,0.995,0.05738,0.00651,0.00018,0.0628,0.78463,9.92e-05,9.92e-05,9.92e-05
50,6448.7,0.05468,0.0143,0.00021,0.05873,0.75108,0.99982,1,0.995,0.995,0.99982,1,0.995,0.995,0.05481,0.00651,0.00017,0.0598,0.78441,5.96e-05,5.96e-05,5.96e-05
